Category,object,type
DeFiTerms,Altcoin,defiterms
DeFiTerms,ASIC,defiterms
DeFiTerms,Atomic swap,defiterms
DeFiTerms,Blockchain,defiterms
DeFiTerms,Byzantine fault tolerance,defiterms
DeFiTerms,Candlestick chart,defiterms
DeFiTerms,Centralized,defiterms
DeFiTerms,Consensus algorithm,defiterms
DeFiTerms,Crypto Index,defiterms
DeFiTerms,Crypto Index Token,defiterms
DeFiTerms,Crypto wallet,defiterms
DeFiTerms,Cryptocurrency,defiterms
DeFiTerms,Cryptocurrency exchange,defiterms
DeFiTerms,Cryptocurrency Index,defiterms
DeFiTerms,Cryptography,defiterms
DeFiTerms,Dapps (decentralized applications),defiterms
DeFiTerms,Decentralization,defiterms
DeFiTerms,Decentralized,defiterms
DeFiTerms,Decentralized exchange (DEX),defiterms
DeFiTerms,Digital currency,defiterms
DeFiTerms,Distribution Ledger,defiterms
DeFiTerms,ERC-1155,defiterms
DeFiTerms,ERC-20,defiterms
DeFiTerms,ERC-721,defiterms
DeFiTerms,Ethereum Classic (ETC),defiterms
DeFiTerms,Ethereum Virtual Machine (EVM),defiterms
DeFiTerms,Fiat currency,defiterms
DeFiTerms,FOMO,defiterms
DeFiTerms,FUD,defiterms
DeFiTerms,Gas,defiterms
DeFiTerms,Gas limit,defiterms
DeFiTerms,Gas price,defiterms
DeFiTerms,Governance token,defiterms
DeFiTerms,Halving,defiterms
DeFiTerms,Hard cap,defiterms
DeFiTerms,Hard fork,defiterms
DeFiTerms,Hash,defiterms
DeFiTerms,Hash rate,defiterms
DeFiTerms,Hardware wallet,defiterms
DeFiTerms,HODL,defiterms
DeFiTerms,ICO (initial coin offering),defiterms
DeFiTerms,Identity management,defiterms
DeFiTerms,Immutable,defiterms
DeFiTerms,Infura,defiterms
DeFiTerms,Initial exchange offering (IEO),defiterms
DeFiTerms,Initial token offering (ITO),defiterms
DeFiTerms,Interoperability,defiterms
DeFiTerms,IPFS (InterPlanetary File System),defiterms
DeFiTerms,Kovan testnet,defiterms
DeFiTerms,Layer 2 solutions,defiterms
DeFiTerms,Ledger,defiterms
DeFiTerms,Limit order,defiterms
DeFiTerms,Lightning Network,defiterms
DeFiTerms,Liquidity,defiterms
DeFiTerms,Liquidity pool,defiterms
DeFiTerms,London fork,defiterms
DeFiTerms,Mainnet,defiterms
DeFiTerms,Masternode,defiterms
DeFiTerms,Market cap,defiterms
DeFiTerms,Market order,defiterms
DeFiTerms,Merkle tree,defiterms
DeFiTerms,Metamask,defiterms
DeFiTerms,Mining,defiterms
DeFiTerms,Mining reward,defiterms
DeFiTerms,Mist,defiterms
DeFiTerms,Multi-sig,defiterms
DeFiTerms,Multisig,defiterms
DeFiTerms,Mnemonic phrase,defiterms
DeFiTerms,Node,defiterms
DeFiTerms,Non-fungible,defiterms
DeFiTerms,Non-fungible token (NFT),defiterms
DeFiTerms,Off-chain,defiterms
DeFiTerms,On-chain,defiterms
DeFiTerms,Order book,defiterms
DeFiTerms,Pump and dump,defiterms
DeFiTerms,Paper wallet,defiterms
DeFiTerms,Parity,defiterms
DeFiTerms,Permissioned,defiterms
DeFiTerms,Permissionless,defiterms
DeFiTerms,Plasma,defiterms
DeFiTerms,PoB (Proof of Burn),defiterms
DeFiTerms,PoS (Proof of Stake),defiterms
DeFiTerms,PoW (Proof of Work),defiterms
DeFiTerms,Private key,defiterms
DeFiTerms,Proof-of-authority,defiterms
DeFiTerms,Proof-of-burn,defiterms
DeFiTerms,Proof-of-concept,defiterms
DeFiTerms,Proof-of-stake,defiterms
DeFiTerms,Public key,defiterms
DeFiTerms,Public key cryptography,defiterms
DeFiTerms,Raiden Network,defiterms
DeFiTerms,Rinkeby,defiterms
DeFiTerms,Rinkeby testnet,defiterms
DeFiTerms,Ropsten testnet,defiterms
DeFiTerms,Seed phrase,defiterms
DeFiTerms,Segregated Witness,defiterms
DeFiTerms,SegWit (Segregated Witness),defiterms
DeFiTerms,Shard chain,defiterms
DeFiTerms,Sharding,defiterms
DeFiTerms,Smart contract audit,defiterms
DeFiTerms,Smart contract platform,defiterms
DeFiTerms,Smart contracts,defiterms
DeFiTerms,Soft cap,defiterms
DeFiTerms,Soft fork,defiterms
DeFiTerms,Solidity,defiterms
DeFiTerms,Software wallet,defiterms
DeFiTerms,Stablecoin,defiterms
DeFiTerms,State channels,defiterms
DeFiTerms,Staking,defiterms
DeFiTerms,Stop order,defiterms
DeFiTerms,Swarm,defiterms
DeFiTerms,Token,defiterms
DeFiTerms,Token swap,defiterms
DeFiTerms,Tokenization,defiterms
DeFiTerms,Trading volume,defiterms
DeFiTerms,Truffle,defiterms
DeFiTerms,Trustless,defiterms
DeFiTerms,Two-factor authentication (2FA),defiterms
DeFiTerms,UTXO,defiterms
DeFiTerms,Validator,defiterms
DeFiTerms,Web 3.0,defiterms
DeFiTerms,Web3.js,defiterms
DeFiTerms,Whales,defiterms
DeFiTerms,Whitepaper,defiterms
DeFiPlatforms,Uniswap,platform
DeFiPlatforms,SushiSwap,platform
DeFiPlatforms,Aave,platform
DeFiPlatforms,Compound,platform
DeFiPlatforms,Yearn.finance,platform
DeFiPlatforms,Curve Finance,platform
DeFiPlatforms,Balancer,platform
DeFiPlatforms,Synthetix,platform
DeFiPlatforms,Bancor,platform
DeFiPlatforms,dYdX,platform
DeFiPlatforms,MakerDAO,platform
DeFiPlatforms,Ren,platform
DeFiPlatforms,1inch,platform
DeFiPlatforms,Kyber Network,platform
DeFiPlatforms,Nexus Mutual,platform
DeFiPlatforms,InstaDApp,platform
DeFiPlatforms,Zerion,platform
DeFiPlatforms,Zapper,platform
DeFiPlatforms,Argent,platform
DeFiPlatforms,Dharma,platform
DeFiPlatforms,Gnosis,platform
DeFiPlatforms,What is {platform}?,question
DeFiPlatforms,A beginner's guide to {platform},question
DeFiPlatforms,{platform} review: Pros and cons,question
DeFiPlatforms,Top alternatives to {platform},question
DeFiPlatforms,What is {platform}?,question
DeFiPlatforms,A beginner's guide to {platform},question
DeFiPlatforms,{platform} review: Pros and cons,question
DeFiPlatforms,Top alternatives to {platform},question
DeFiTerms,What is {defiterm}?,Question
DeFiTerms,What does {defiterm} mean?,Question
DeFiTerms,How to {term} {token}?,question
DeFiTerms,What are the benefits of {term} with {token}?,question
DeFiTerms,What are the risks of {term} with {token}?,question
DeFiTerms,What is the process of {term} for {token}?,question
DeFiTerms,How does {token} support {term}?,question
DeFiTerms,Why is {token} suitable for {term}?,question
DeFiTerms,How has {term} impacted the success of {token}?,question
DeFiTerms,How to {term} {token}?,question
DeFiTerms,What is {defiterm}?,Question
DeFiTerms,What does {defiterm} mean?,Question
DeFiTerms,How to {term} using {token}?,question
DeFiTerms,What are the benefits of {term} with {token}?,question
DeFiTerms,What are the risks of {term} with {token}?,question
DeFiTerms,What is the process of {term} for {token}?,question
DeFiTerms,How does {token} support {term}?,question
DeFiTerms,Why is {token} suitable for {term}?,question
DeFiTerms,How has {term} impacted the success of {token}?,question
DeFiTerms,How to {term} {token}?,question
DeFiUseCases,How to {use_case} using DeFi?,Question
DeFiUseCases,DeFi use case: {use_case},Question
DeFiUseCases,The future of {use_case} in DeFi,Question
DeFiUseCases,Top DeFi projects for {use_case},Question
DeFiUseCases,How {use_case} is revolutionizing finance,Question
DeFiUseCases,How to {use_case} using DeFi?,Question
DeFiUseCases,DeFi use case: {use_case},Question
DeFiUseCases,The future of {use_case} in DeFi,Question
DeFiUseCases,Top DeFi projects for {use_case},Question
DeFiUseCases,How {use_case} is revolutionizing finance,Question
InvestingTerminology,How do experienced investors use {term} to make informed decisions?,Question
InvestingTerminology,Real-life examples of {term} in cryptocurrency investing,Question
InvestingTerminology,What is {technicalterm}?,Question
InvestingTerminology,How does {technicalterm} relate to cryptocurrency investing?,Question
InvestingTerminology,What are the benefits of understanding {technicalterm} when investing in cryptocurrencies?,Question
InvestingTerminology,How to apply {technicalterm} in your cryptocurrency investment strategy?,Question
InvestingTerminology,What are the challenges and pitfalls associated with {technicalterm} in the context of cryptocurrency investing?,Question
InvestingTerminology,What factors can influence {technicalterm} in the crypto market?,Question
InvestingTerminology,How do experienced investors use {technicalterm} to make informed decisions?,Question
TechnicalGuides,How to {strategy} in DeFi?,question
TechnicalGuides,Top DeFi {strategy} tips for beginners,question
TechnicalGuides,Advanced {strategy} techniques in DeFi,question
TechnicalGuides,How to maximize your returns with {strategy},question
TechnicalGuides,Common {strategy} mistakes and how to avoid them,question
TechnicalGuides,How to {strategy} in DeFi?,question
TechnicalGuides,Top DeFi {strategy} tips for beginners,question
TechnicalGuides,Advanced {strategy} techniques in DeFi,question
TechnicalGuides,How to maximize your returns with {strategy},question
TechnicalGuides,Common {strategy} mistakes and how to avoid them,question
Tokens,What does {token} do?,Question
Tokens,How does {token} work?,Question
Tokens,What is {token},Question
Tokens,A complete guide to {token},Question
Tokens,The technology behind {token},Question
Tokens,The history of {token},Question
Tokens,Top use cases for {token},Question
Tokens,{token} adoption and real-world applications,Question
Tokens,The future of {token}: Roadmap and updates,Question
Tokens,Pros and cons of investing in {token},Question
Tokens,What does {token} do?,Question
Tokens,How does {token} work?,Question
Tokens,What is {token},Question
Tokens,A complete guide to {token},Question
Tokens,The technology behind {token},Question
Tokens,The history of {token},Question
Tokens,Top use cases for {token},Question
Tokens,{token} adoption and real-world applications,Question
Tokens,The future of {token}: Roadmap and updates,Question
Tokens,Pros and cons of investing in {token},Question
TechnicalGuides,Risk management,Strategy
TechnicalGuides,Diversification,Strategy
TechnicalGuides,Yield optimization,Strategy
TechnicalGuides,Arbitrage,Strategy
TechnicalGuides,Hedging,Strategy
TechnicalGuides,Leveraged trading,Strategy
TechnicalGuides,Tokenomics and valuation,Strategy
TechnicalGuides,Liquidity provision and impermanent loss,Strategy
TechnicalGuides,Staking and validator selection,Strategy
TechnicalGuides,Smart contract security and audits,Strategy
TechnicalGuides,Tax implications and reporting,Strategy
InvestingTerminology,Market Capitalization,technicalterm
InvestingTerminology,Volatility,technicalterm
InvestingTerminology,Liquidity,technicalterm
InvestingTerminology,Portfolio Diversification,technicalterm
InvestingTerminology,Return on Investment (ROI),technicalterm
InvestingTerminology,Dollar-Cost Averaging (DCA),technicalterm
InvestingTerminology,Technical Analysis,technicalterm
InvestingTerminology,Fundamental Analysis,technicalterm
InvestingTerminology,Risk Management,technicalterm
InvestingTerminology,Stop-Loss Order,technicalterm
InvestingTerminology,Margin Trading,technicalterm
InvestingTerminology,Short Selling,technicalterm
InvestingTerminology,Long Position,technicalterm
InvestingTerminology,Derivatives,technicalterm
InvestingTerminology,Options,technicalterm
InvestingTerminology,Futures,technicalterm
InvestingTerminology,Swaps,technicalterm
InvestingTerminology,Exchange-Traded Funds (ETFs),technicalterm
InvestingTerminology,Initial Coin Offering (ICO),technicalterm
InvestingTerminology,Initial Exchange Offering (IEO),technicalterm
InvestingTerminology,Security Token Offering (STO),technicalterm
InvestingTerminology,Tokenomics,technicalterm
InvestingTerminology,Stablecoins,technicalterm
InvestingTerminology,Decentralized Finance (DeFi),technicalterm
InvestingTerminology,Centralized Finance (CeFi),technicalterm
InvestingTerminology,Market Order,technicalterm
InvestingTerminology,Limit Order,technicalterm
InvestingTerminology,Arbitrage,technicalterm
InvestingTerminology,Market Depth,technicalterm
InvestingTerminology,Bid-Ask Spread,technicalterm
InvestingTerminology,Order Book,technicalterm
InvestingTerminology,Bull Market,technicalterm
InvestingTerminology,Bear Market,technicalterm
InvestingTerminology,Inflation,technicalterm
InvestingTerminology,Deflation,technicalterm
InvestingTerminology,Market Sentiment,technicalterm
InvestingTerminology,Support and Resistance,technicalterm
InvestingTerminology,Moving Averages,technicalterm
InvestingTerminology,Fibonacci Retracements,technicalterm
InvestingTerminology,Relative Strength Index (RSI),technicalterm
InvestingTerminology,Stochastic Oscillator,technicalterm
InvestingTerminology,Bollinger Bands,technicalterm
InvestingTerminology,Price-to-Earnings Ratio (P/E),technicalterm
InvestingTerminology,Dividend Yield,technicalterm
InvestingTerminology,Revenue,technicalterm
InvestingTerminology,Net Income,technicalterm
InvestingTerminology,Earnings Per Share (EPS),technicalterm
InvestingTerminology,Book Value,technicalterm
InvestingTerminology,Debt-to-Equity Ratio,technicalterm
DeFiTerms,Staking,term
DeFiTerms,Mining,term
DeFiTerms,Buy,term
DeFiTerms,Start investing in,term
DeFiTerms,borrow,term
DeFiTerms,lend,term
DeFiTerms,trade,term
DeFiTerms,farming,term
DeFiTerms,liquidity pool,term
DeFiTerms,participate in the governance of,term
Tokens,Bitcoin,Token
Tokens,0x Protocol,Token
Tokens,1inch,Token
Tokens,Aave,Token
Tokens,Access Protocol,Token
Tokens,aelf,Token
Tokens,Alchemix USD,Token
Tokens,Alchemy Pay,Token
Tokens,Aleph Zero,Token
Tokens,Algorand,Token
Tokens,Amp,Token
Tokens,Ankr Network,Token
Tokens,ApeCoin,Token
Tokens,API3,Token
Tokens,Aptos,Token
Tokens,Aragon,Token
Tokens,Arbitrum,Token
Tokens,Arweave,Token
Tokens,Astar,Token
Tokens,Astrafer,Token
Tokens,Audius,Token
Tokens,Avalanche,Token
Tokens,AVINOC,Token
Tokens,Axie Infinity,Token
Tokens,Baby Doge Coin,Token
Tokens,Balancer,Token
Tokens,Band Protocol,Token
Tokens,Basic Attention,Token
Tokens,Beldex,Token
Tokens,Biconomy,Token
Tokens,Binance USD,Token
Tokens,Bitcoin Avalanche Bridged (BTC.b),Token
Tokens,Bitcoin Cash,Token
Tokens,Bitcoin Gold,Token
Tokens,Bitcoin SV,Token
Tokens,BitDAO,Token
Tokens,Bitgert,Token
Tokens,Bitget Token,Token
Tokens,Bitkub Coin,Token
Tokens,BitTorrent,Token
Tokens,Blox,Token
Tokens,Blur,Token
Tokens,BNB,Token
Tokens,Bone ShibaSwap,Token
Tokens,BORA,Token
Tokens,BTSE Token,Token
Tokens,CANTO,Token
Tokens,Cardano,Token
Tokens,Cartesi,Token
Tokens,Casper Network,Token
Tokens,cDAI,Token
Tokens,Celer Network,Token
Tokens,Celo,Token
Tokens,cETH,Token
Tokens,Chainlink,Token
Tokens,Chia,Token
Tokens,Chiliz,Token
Tokens,COCOS BCX,Token
Tokens,Compound,Token
Tokens,Conflux,Token
Tokens,Convex CRV,Token
Tokens,Convex Finance,Token
Tokens,Core,Token
Tokens,Cosmos Hub,Token
Tokens,Cronos,Token
Tokens,Curve DAO,Token
Tokens,cUSDC,Token
Tokens,Dai,Token
Tokens,DAO Maker,Token
Tokens,Dash,Token
Tokens,Decentraland,Token
Tokens,Decentralized Social,Token
Tokens,Decred,Token
Tokens,DeFiChain,Token
Tokens,DigiByte,Token
Tokens,Dogecoin,Token
Tokens,Dogelon Mars,Token
Tokens,dYdX,Token
Tokens,e-Radix,Token
Tokens,eCash,Token
Tokens,ECOMI,Token
Tokens,Edgecoin,Token
Tokens,Enjin Coin,Token
Tokens,EOS,Token
Tokens,Escoin,Token
Tokens,Ethereum,Token
Tokens,Ethereum Classic,Token
Tokens,Ethereum Name Service,Token
Tokens,EthereumPoW,Token
Tokens,Euro Tether,Token
Tokens,Evmos,Token
Tokens,Fantom,Token
Tokens,Fetch.ai,Token
Tokens,Filecoin,Token
Tokens,Flare,Token
Tokens,FLOKI,Token
Tokens,Flow,Token
Tokens,Flux,Token
Tokens,Frax,Token
Tokens,Frax Ether,Token
Tokens,Frax Share,Token
Tokens,FUBT Token,Token
Tokens,Gains Farm,Token
Tokens,Gains Network,Token
Tokens,GALA,Token
Tokens,Gate,Token
Tokens,Gemini Dollar,Token
Tokens,GMX,Token
Tokens,Gnosis,Token
Tokens,Golem,Token
Tokens,Harmony,Token
Tokens,Hedera,Token
Tokens,Helium,Token
Tokens,Hive,Token
Tokens,Holo,Token
Tokens,Horizen,Token
Tokens,Huobi,Token
Tokens,Huobi BTC,Token
Tokens,ICON,Token
Tokens,Illuvium,Token
Tokens,ImmutableX,Token
Tokens,Injective,Token
Tokens,inSure DeFi,Token
Tokens,Internet Computer,Token
Tokens,IOST,Token
Tokens,IOTA,Token
Tokens,IoTeX,Token
Tokens,JasmyCoin,Token
Tokens,JOE,Token
Tokens,JUST,Token
Tokens,Kadena,Token
Tokens,Kaspa,Token
Tokens,Kava,Token
Tokens,Klaytn,Token
Tokens,Krypton DAO,Token
Tokens,KuCoin,Token
Tokens,Kusama,Token
Tokens,LEO Token,Token
Tokens,Lido DAO,Token
Tokens,Lido Staked Ether,Token
Tokens,LINK,Token
Tokens,Liquity,Token
Tokens,Liquity USD,Token
Tokens,Lisk,Token
Tokens,Litecoin,Token
Tokens,Livepeer,Token
Tokens,Loopring,Token
Tokens,LUKSO,Token
Tokens,Magic,Token
Tokens,Maker,Token
Tokens,Mask Network,Token
Tokens,Mina Protocol,Token
Tokens,Monero,Token
Tokens,Moonbeam,Token
Tokens,Multichain,Token
Tokens,MultiversX,Token
Tokens,MX,Token
Tokens,NEAR Protocol,Token
Tokens,NEM,Token
Tokens,NEO,Token
Tokens,Nervos Network,Token
Tokens,NEXO,Token
Tokens,Nexus Mutual,Token
Tokens,NuCypher,Token
Tokens,Oasis Network,Token
Tokens,Ocean Protocol,Token
Tokens,OKB,Token
Tokens,OKT Chain,Token
Tokens,Olympus,Token
Tokens,OMG Network,Token
Tokens,Ontology,Token
Tokens,Optimism,Token
Tokens,OriginTrail,Token
Tokens,Osmosis,Token
Tokens,PancakeSwap,Token
Tokens,Pax Dollar,Token
Tokens,PAX Gold,Token
Tokens,Polkadot,Token
Tokens,Polygon,Token
Tokens,Polymath,Token
Tokens,Polymesh,Token
Tokens,Qtum,Token
Tokens,Quant,Token
Tokens,Radix,Token
Tokens,Ravencoin,Token
Tokens,Render,Token
Tokens,Reserve Rights,Token
Tokens,Rocket Pool,Token
Tokens,Rocket Pool ETH,Token
Tokens,Ronin,Token
Tokens,RSK Infrastructure Framework,Token
Tokens,SafeMoon [OLD],Token
Tokens,SafePal,Token
Tokens,Secret,Token
Tokens,sETH2,Token
Tokens,Shiba Inu,Token
Tokens,Siacoin,Token
Tokens,SingularityNET,Token
Tokens,SKALE,Token
Tokens,Solana,Token
Tokens,SPACE ID,Token
Tokens,SSV Network,Token
Tokens,Stacks,Token
Tokens,Staked Frax Ether,Token
Tokens,Stargate Finance,Token
Tokens,STASIS EURO,Token
Tokens,Stellar,Token
Tokens,STEPN,Token
Tokens,Stride,Token
Tokens,Sushi,Token
Tokens,SwissBorg,Token
Tokens,SXP,Token
Tokens,Synapse,Token
Tokens,Synthetix Network,Token
Tokens,Telcoin,Token
Tokens,Terra,Token
Tokens,Terra Luna Classic,Token
Tokens,TerraClassicUSD,Token
Tokens,Tether,Token
Tokens,Tether Gold,Token
Tokens,Tezos,Token
Tokens,The Graph,Token
Tokens,The Sandbox,Token
Tokens,Theta Fuel,Token
Tokens,Theta Network,Token
Tokens,THORChain,Token
Tokens,Tokenize Xchange,Token
Tokens,tomiNet,Token
Tokens,Toncoin,Token
Tokens,Tribe,Token
Tokens,TRON,Token
Tokens,TrueUSD,Token
Tokens,Trust Wallet,Token
Tokens,UMA,Token
Tokens,Uniswap,Token
Tokens,USD Coin,Token
Tokens,USDD,Token
Tokens,VeChain,Token
Tokens,VVS Finance,Token
Tokens,Waves,Token
Tokens,WAX,Token
Tokens,WEMIX,Token
Tokens,WhiteBIT Token,Token
Tokens,WOO Network,Token
Tokens,Wrapped Bitcoin,Token
Tokens,XDC Network,Token
Tokens,XRP,Token
Tokens,yearn.finance,Token
Tokens,Zcash,Token
Tokens,Zilliqa,Token
DeFiUseCases,Lending and borrowing,use_case
DeFiUseCases,Decentralized exchanges (DEXs),use_case
DeFiUseCases,Derivatives and options,use_case
DeFiUseCases,Yield farming and liquidity mining,use_case
DeFiUseCases,Asset management and portfolio optimization,use_case
DeFiUseCases,Staking and passive income,use_case
DeFiUseCases,Insurance and risk management,use_case
DeFiUseCases,Cross-chain interoperability,use_case
DeFiUseCases,Decentralized autonomous organizations (DAOs),use_case
DeFiUseCases,Tokenization of real-world assets,use_case
DeFiUseCases,Gaming and virtual worlds,use_case
DeFiUseCases,Privacy and security,use_case